bilateral_negotiations,mediated_negotiations,local_ngo,international_ngo,regional_organization,international_organization,peace_operation,foreign_government,individual,national_committee,language_organization,local_government,government,president,political_party,government_forces,police,armed_group,community_leaders,religious_leaders,religious_any,traditional_leaders,local_committee,company,women,indirect_nego,secret_nego,alleged_nego,exclusive_nego,prenego,prenego_success,nego_implement,nego_implement _success,nego_unspecified,nego_ceasefire,border,border_success,nego_power-sharing,nego_power-sharing_success,nego_ddr,nego_ddr_success,election,election_success,monitor,monitor_success,reconciliation,reconciliation_success,amnesty,amnesty_success,nego_land,nego_land _success,nego_water,nego_water _success,nego_cattle,nego_cattle _success,nego_movement,nego_movement_success,nego_continue,nego_end,nego_end_support,nego_end_support_success,nego_withdrawal,nego_withdrawal_success,international_additional,international_replace,international_only,agreement,ceasefire,multiple_agreeements
mediated_negotiations,bilateral_negotiations,bilateral_negotiations,bilateral_negotiations,bilateral_negotiations,bilateral_negotiations,bilateral_negotiations,bilateral_negotiations,bilateral_negotiations,bilateral_negotiations,bilateral_negotiations,bilateral_negotiations,bilateral_negotiations,bilateral_negotiations,bilateral_negotiations,bilateral_negotiations,bilateral_negotiations,bilateral_negotiations,bilateral_negotiations,bilateral_negotiations,bilateral_negotiations,bilateral_negotiations,bilateral_negotiations,bilateral_negotiations,bilateral_negotiations,bilateral_negotiations,bilateral_negotiations,bilateral_negotiations,bilateral_negotiations,local_ngo,bilateral_negotiations,local_ngo,local_ngo,national_committee,local_ngo,bilateral_negotiations,bilateral_negotiations,local_ngo,local_ngo,local_ngo,local_ngo,bilateral_negotiations,bilateral_negotiations,bilateral_negotiations,bilateral_negotiations,local_ngo,local_ngo,local_ngo,bilateral_negotiations,bilateral_negotiations,bilateral_negotiations,bilateral_negotiations,bilateral_negotiations,bilateral_negotiations,bilateral_negotiations,bilateral_negotiations,bilateral_negotiations,bilateral_negotiations,bilateral_negotiations,local_ngo,local_ngo,local_ngo,bilateral_negotiations,bilateral_negotiations,local_ngo,bilateral_negotiations,individual,local_ngo,bilateral_negotiations
local_ngo,language_organization,regional_organization,individual,local_ngo,local_ngo,local_ngo,local_ngo,local_ngo,local_ngo,mediated_negotiations,local_ngo,local_ngo,local_ngo,mediated_negotiations,local_ngo,local_ngo,local_ngo,local_ngo,local_ngo,individual,local_ngo,local_ngo,mediated_negotiations,local_ngo,local_ngo,mediated_negotiations,mediated_negotiations,mediated_negotiations,international_ngo,local_ngo,individual,international_ngo,language_organization,individual,mediated_negotiations,mediated_negotiations,international_ngo,international_ngo,individual,international_ngo,local_ngo,local_ngo,local_ngo,local_ngo,individual,international_ngo,international_ngo,local_ngo,local_ngo,mediated_negotiations,mediated_negotiations,mediated_negotiations,local_ngo,local_ngo,local_ngo,local_ngo,mediated_negotiations,mediated_negotiations,international_ngo,international_ngo,international_ngo,local_ngo,mediated_negotiations,international_ngo,mediated_negotiations,national_committee,individual,mediated_negotiations
international_ngo,political_party,international_organization,national_committee,national_committee,national_committee,individual,national_committee,international_ngo,international_ngo,local_ngo,regional_organization,regional_organization,international_ngo,local_ngo,international_ngo,international_ngo,international_ngo,international_ngo,regional_organization,national_committee,international_ngo,international_ngo,local_ngo,international_ngo,international_ngo,local_ngo,local_ngo,local_ngo,peace_operation,international_ngo,national_committee,individual,political_party,national_committee,local_ngo,local_ngo,individual,individual,national_committee,individual,international_ngo,international_ngo,international_ngo,international_ngo,national_committee,regional_organization,international_organization,international_ngo,international_ngo,local_ngo,local_ngo,local_ngo,international_ngo,international_ngo,international_ngo,international_ngo,local_ngo,local_ngo,peace_operation,regional_organization,peace_operation,international_ngo,local_ngo,peace_operation,local_ngo,language_organization,national_committee,local_ngo
regional_organization,company,peace_operation,language_organization,language_organization,language_organization,national_committee,language_organization,peace_operation,regional_organization,international_ngo,international_organization,international_organization,regional_organization,international_ngo,regional_organization,regional_organization,regional_organization,regional_organization,international_organization,language_organization,regional_organization,regional_organization,international_ngo,regional_organization,peace_operation,international_ngo,international_ngo,international_ngo,individual,regional_organization,language_organization,national_committee,police,language_organization,international_ngo,international_ngo,national_committee,national_committee,language_organization,national_committee,individual,peace_operation,international_organization,regional_organization,language_organization,international_organization,peace_operation,regional_organization,regional_organization,international_ngo,international_ngo,international_ngo,regional_organization,regional_organization,regional_organization,regional_organization,international_ngo,international_ngo,individual,international_organization,individual,regional_organization,international_ngo,individual,international_ngo,political_party,language_organization,international_ngo
international_organization,secret_nego,foreign_government,president,local_government,local_government,language_organization,president,national_committee,international_organization,regional_organization,individual,individual,international_organization,regional_organization,international_organization,international_organization,international_organization,international_organization,peace_operation,president,international_organization,international_organization,regional_organization,international_organization,individual,regional_organization,regional_organization,regional_organization,national_committee,international_organization,local_government,language_organization,armed_group,political_party,regional_organization,regional_organization,language_organization,language_organization,local_government,language_organization,national_committee,individual,peace_operation,international_organization,president,foreign_government,individual,international_organization,international_organization,regional_organization,regional_organization,regional_organization,international_organization,international_organization,international_organization,international_organization,regional_organization,regional_organization,national_committee,peace_operation,national_committee,international_organization,regional_organization,national_committee,regional_organization,armed_group,president,regional_organization
peace_operation,alleged_nego,individual,political_party,government,government,president,political_party,language_organization,peace_operation,international_organization,national_committee,national_committee,peace_operation,international_organization,peace_operation,peace_operation,peace_operation,foreign_government,individual,political_party,peace_operation,peace_operation,international_organization,peace_operation,national_committee,international_organization,international_organization,international_organization,language_organization,peace_operation,government,local_government,company,police,international_organization,international_organization,local_government,local_government,government,local_government,language_organization,national_committee,individual,peace_operation,political_party,individual,national_committee,peace_operation,peace_operation,international_organization,international_organization,international_organization,peace_operation,peace_operation,foreign_government,foreign_government,international_organization,international_organization,language_organization,individual,language_organization,peace_operation,international_organization,language_organization,international_organization,company,political_party,international_organization
foreign_government,exclusive_nego,national_committee,government_forces,president,president,political_party,government_forces,local_government,foreign_government,peace_operation,language_organization,language_organization,foreign_government,peace_operation,foreign_government,foreign_government,foreign_government,individual,national_committee,government_forces,foreign_government,foreign_government,peace_operation,foreign_government,language_organization,peace_operation,peace_operation,peace_operation,local_government,foreign_government,president,government,secret_nego,armed_group,peace_operation,peace_operation,government,government,president,government,local_government,language_organization,national_committee,individual,government_forces,national_committee,language_organization,individual,foreign_government,peace_operation,peace_operation,peace_operation,foreign_government,foreign_government,individual,individual,peace_operation,peace_operation,local_government,national_committee,local_government,foreign_government,peace_operation,local_government,peace_operation,secret_nego,police,peace_operation
individual,border,language_organization,police,political_party,political_party,government_forces,police,government,individual,foreign_government,president,president,individual,foreign_government,individual,individual,individual,national_committee,language_organization,police,individual,individual,foreign_government,individual,local_government,foreign_government,foreign_government,foreign_government,government,individual,political_party,president,alleged_nego,company,foreign_government,foreign_government,president,president,political_party,president,government,local_government,language_organization,national_committee,police,language_organization,local_government,national_committee,individual,foreign_government,foreign_government,foreign_government,individual,individual,national_committee,national_committee,foreign_government,foreign_government,government,language_organization,government,individual,foreign_government,government,foreign_government,alleged_nego,armed_group,foreign_government
national_committee,border_success,local_government,armed_group,government_forces,government_forces,police,armed_group,president,language_organization,individual,political_party,political_party,national_committee,individual,national_committee,national_committee,national_committee,language_organization,president,armed_group,national_committee,national_committee,individual,national_committee,government,individual,individual,individual,president,national_committee,government_forces,political_party,exclusive_nego,women,individual,individual,political_party,political_party,government_forces,political_party,president,government,local_government,language_organization,armed_group,government,government,language_organization,national_committee,individual,individual,individual,national_committee,national_committee,language_organization,language_organization,individual,individual,president,local_government,president,national_committee,individual,president,individual,exclusive_nego,company,individual
language_organization,nego_land _success,government,community_leaders,police,police,armed_group,community_leaders,political_party,local_government,national_committee,police,government_forces,language_organization,national_committee,language_organization,language_organization,language_organization,president,political_party,local_committee,language_organization,language_organization,national_committee,language_organization,president,national_committee,national_committee,national_committee,political_party,language_organization,police,government_forces,prenego_success,secret_nego,national_committee,national_committee,government_forces,government_forces,police,government_forces,political_party,president,government,local_government,community_leaders,president,president,local_government,language_organization,national_committee,national_committee,national_committee,language_organization,language_organization,local_government,local_government,national_committee,national_committee,political_party,government,political_party,language_organization,national_committee,political_party,national_committee,prenego,women,national_committee
local_government,nego_water,president,traditional_leaders,armed_group,armed_group,religious_leaders,traditional_leaders,government_forces,government,local_government,armed_group,police,local_government,language_organization,government,local_government,local_government,political_party,government_forces,company,government,local_government,language_organization,local_government,political_party,language_organization,language_organization,language_organization,government_forces,local_government,armed_group,police,nego_ceasefire,alleged_nego,language_organization,language_organization,police,police,armed_group,police,government_forces,political_party,president,government,religious_leaders,political_party,political_party,government,local_government,language_organization,language_organization,language_organization,local_government,local_government,government,government,language_organization,language_organization,government_forces,president,government_forces,local_government,language_organization,government_forces,language_organization,prenego_success,indirect_nego,language_organization
government,nego_water _success,political_party,local_committee,community_leaders,community_leaders,traditional_leaders,local_committee,police,president,government,local_committee,armed_group,government,local_government,president,government,government,government_forces,police,women,president,government,local_government,government,government_forces,local_government,local_government,local_government,police,government,community_leaders,armed_group,border,exclusive_nego,local_government,local_government,armed_group,armed_group,community_leaders,armed_group,police,government_forces,political_party,president,traditional_leaders,government_forces,government_forces,president,government,local_government,local_government,local_government,government,government,president,president,local_government,local_government,police,political_party,police,government,local_government,police,local_government,border,secret_nego,local_government
president,nego_continue,government_forces,company,religious_leaders,religious_leaders,local_committee,company,armed_group,political_party,president,company,traditional_leaders,political_party,government,political_party,president,president,police,armed_group,secret_nego,political_party,president,government,president,police,government,government,government,armed_group,president,religious_leaders,community_leaders,border_success,prenego,government,government,community_leaders,community_leaders,religious_leaders,community_leaders,armed_group,police,government_forces,political_party,local_committee,police,police,political_party,president,government,government,government,president,president,political_party,political_party,government,government,armed_group,government_forces,armed_group,president,government,armed_group,government,border_success,alleged_nego,government
political_party,nego_end,police,women,traditional_leaders,traditional_leaders,company,women,community_leaders,government_forces,political_party,women,local_committee,government_forces,president,police,political_party,political_party,armed_group,local_committee,alleged_nego,government_forces,political_party,president,political_party,armed_group,president,president,president,community_leaders,political_party,traditional_leaders,religious_leaders,nego_power-sharing,prenego_success,president,president,religious_leaders,religious_leaders,traditional_leaders,religious_leaders,community_leaders,armed_group,police,government_forces,company,armed_group,armed_group,government_forces,political_party,president,president,president,political_party,political_party,government_forces,government_forces,president,president,community_leaders,police,community_leaders,political_party,president,community_leaders,president,nego_water,exclusive_nego,president
government_forces,international_additional,armed_group,indirect_nego,local_committee,local_committee,women,secret_nego,religious_leaders,police,government_forces,indirect_nego,company,police,government_forces,armed_group,government_forces,government_forces,traditional_leaders,company,exclusive_nego,police,government_forces,political_party,government_forces,community_leaders,political_party,political_party,political_party,religious_leaders,government_forces,local_committee,religious_any,nego_power-sharing_success,nego_unspecified,political_party,political_party,religious_any,religious_any,local_committee,religious_any,religious_leaders,community_leaders,armed_group,police,women,community_leaders,community_leaders,police,government_forces,political_party,political_party,political_party,government_forces,government_forces,police,police,political_party,political_party,religious_leaders,armed_group,religious_leaders,government_forces,political_party,religious_leaders,political_party,nego_water _success,prenego,political_party
police,international_only,community_leaders,secret_nego,company,company,indirect_nego,alleged_nego,religious_any,armed_group,police,secret_nego,women,armed_group,police,community_leaders,armed_group,police,local_committee,women,prenego,armed_group,police,government_forces,police,religious_leaders,government_forces,government_forces,government_forces,religious_any,police,company,traditional_leaders,nego_ddr,border,government_forces,government_forces,traditional_leaders,traditional_leaders,company,traditional_leaders,religious_any,religious_leaders,community_leaders,armed_group,indirect_nego,religious_leaders,religious_leaders,armed_group,police,government_forces,government_forces,government_forces,police,police,armed_group,armed_group,government_forces,government_forces,religious_any,community_leaders,religious_any,police,government_forces,religious_any,government_forces,nego_continue,prenego_success,government_forces
armed_group,multiple_agreeements,religious_leaders,alleged_nego,women,women,secret_nego,exclusive_nego,traditional_leaders,community_leaders,armed_group,alleged_nego,indirect_nego,community_leaders,armed_group,religious_leaders,community_leaders,community_leaders,company,indirect_nego,prenego_success,community_leaders,armed_group,police,armed_group,traditional_leaders,police,police,police,traditional_leaders,armed_group,women,local_committee,nego_ddr_success,border_success,police,police,local_committee,local_committee,women,local_committee,traditional_leaders,religious_any,religious_leaders,community_leaders,secret_nego,religious_any,religious_any,community_leaders,armed_group,police,police,police,armed_group,armed_group,community_leaders,community_leaders,police,police,traditional_leaders,religious_leaders,traditional_leaders,armed_group,police,traditional_leaders,police,nego_end,nego_implement,police
community_leaders,,traditional_leaders,exclusive_nego,secret_nego,secret_nego,alleged_nego,prenego_success,local_committee,religious_leaders,community_leaders,exclusive_nego,secret_nego,religious_leaders,community_leaders,religious_any,religious_leaders,religious_leaders,women,secret_nego,nego_implement _success,local_committee,community_leaders,armed_group,community_leaders,local_committee,armed_group,armed_group,armed_group,local_committee,community_leaders,indirect_nego,company,election,nego_land,armed_group,armed_group,company,company,indirect_nego,company,local_committee,traditional_leaders,religious_any,religious_leaders,alleged_nego,traditional_leaders,traditional_leaders,religious_leaders,community_leaders,armed_group,armed_group,armed_group,community_leaders,community_leaders,religious_leaders,religious_leaders,armed_group,armed_group,local_committee,religious_any,local_committee,community_leaders,armed_group,local_committee,armed_group,international_additional,nego_implement _success,armed_group
religious_leaders,,local_committee,prenego,alleged_nego,alleged_nego,exclusive_nego,border,company,religious_any,religious_leaders,prenego,alleged_nego,religious_any,religious_leaders,traditional_leaders,religious_any,religious_any,indirect_nego,alleged_nego,border,company,religious_leaders,community_leaders,religious_leaders,company,community_leaders,community_leaders,community_leaders,company,religious_leaders,secret_nego,women,election_success,nego_land _success,community_leaders,community_leaders,women,women,secret_nego,women,company,local_committee,traditional_leaders,religious_any,exclusive_nego,local_committee,local_committee,religious_any,religious_leaders,community_leaders,community_leaders,community_leaders,religious_leaders,religious_leaders,religious_any,religious_any,community_leaders,community_leaders,company,traditional_leaders,company,religious_leaders,community_leaders,company,community_leaders,international_only,nego_unspecified,community_leaders
religious_any,,company,prenego_success,exclusive_nego,exclusive_nego,prenego,border_success,women,traditional_leaders,religious_any,prenego_success,exclusive_nego,traditional_leaders,religious_any,local_committee,traditional_leaders,traditional_leaders,secret_nego,exclusive_nego,border_success,women,religious_any,religious_leaders,religious_any,women,religious_leaders,religious_leaders,religious_leaders,women,religious_any,alleged_nego,indirect_nego,monitor,nego_water,religious_leaders,religious_leaders,indirect_nego,indirect_nego,alleged_nego,indirect_nego,women,company,local_committee,traditional_leaders,prenego,company,company,traditional_leaders,religious_any,religious_leaders,religious_leaders,religious_leaders,religious_any,religious_any,traditional_leaders,traditional_leaders,religious_leaders,religious_leaders,women,local_committee,women,religious_any,religious_leaders,women,religious_leaders,multiple_agreeements,border,religious_leaders
traditional_leaders,,women,nego_implement _success,prenego_success,prenego_success,prenego_success,reconciliation_success,indirect_nego,local_committee,traditional_leaders,nego_implement,prenego,local_committee,traditional_leaders,company,local_committee,local_committee,alleged_nego,prenego,nego_power-sharing,indirect_nego,traditional_leaders,religious_any,traditional_leaders,secret_nego,religious_any,religious_any,religious_any,secret_nego,traditional_leaders,exclusive_nego,secret_nego,monitor_success,nego_water _success,religious_any,religious_any,secret_nego,secret_nego,exclusive_nego,secret_nego,indirect_nego,women,company,local_committee,prenego_success,women,women,local_committee,traditional_leaders,religious_any,religious_any,religious_any,traditional_leaders,traditional_leaders,local_committee,local_committee,religious_any,religious_any,indirect_nego,company,indirect_nego,traditional_leaders,religious_any,indirect_nego,religious_any,,border_success,religious_any
local_committee,,indirect_nego,border,border,border,border,nego_land,secret_nego,company,local_committee,nego_implement _success,prenego_success,company,local_committee,women,company,company,exclusive_nego,prenego_success,nego_power-sharing_success,secret_nego,company,traditional_leaders,local_committee,alleged_nego,traditional_leaders,traditional_leaders,traditional_leaders,alleged_nego,local_committee,prenego,alleged_nego,reconciliation,nego_cattle,traditional_leaders,traditional_leaders,alleged_nego,alleged_nego,prenego,alleged_nego,secret_nego,indirect_nego,women,company,nego_implement,indirect_nego,indirect_nego,company,local_committee,traditional_leaders,traditional_leaders,traditional_leaders,local_committee,local_committee,company,company,traditional_leaders,traditional_leaders,secret_nego,women,secret_nego,local_committee,traditional_leaders,secret_nego,traditional_leaders,,nego_power-sharing,traditional_leaders
company,,secret_nego,border_success,border_success,border_success,border_success,nego_land _success,alleged_nego,women,company,border,nego_implement,women,company,indirect_nego,women,women,prenego,nego_implement,nego_ddr_success,alleged_nego,women,local_committee,company,exclusive_nego,local_committee,local_committee,local_committee,exclusive_nego,company,prenego_success,exclusive_nego,reconciliation_success,nego_cattle _success,local_committee,local_committee,exclusive_nego,exclusive_nego,prenego_success,exclusive_nego,alleged_nego,secret_nego,indirect_nego,women,nego_implement _success,secret_nego,secret_nego,women,company,local_committee,local_committee,local_committee,company,company,women,women,local_committee,local_committee,alleged_nego,indirect_nego,alleged_nego,company,local_committee,alleged_nego,local_committee,,nego_power-sharing_success,local_committee
women,,alleged_nego,nego_power-sharing,monitor_success,monitor,election_success,nego_water,exclusive_nego,indirect_nego,women,border_success,nego_implement _success,indirect_nego,women,secret_nego,indirect_nego,indirect_nego,prenego_success,nego_implement _success,election,exclusive_nego,indirect_nego,women,indirect_nego,prenego_success,company,company,company,nego_implement,women,border,prenego,amnesty,nego_continue,company,company,prenego,prenego,nego_implement,prenego,exclusive_nego,alleged_nego,secret_nego,indirect_nego,nego_unspecified,alleged_nego,alleged_nego,indirect_nego,women,company,company,company,women,women,indirect_nego,indirect_nego,company,company,exclusive_nego,secret_nego,exclusive_nego,women,company,exclusive_nego,company,,election,company
indirect_nego,,exclusive_nego,nego_power-sharing_success,reconciliation_success,monitor_success,monitor,nego_water _success,prenego,secret_nego,indirect_nego,nego_power-sharing,border,secret_nego,indirect_nego,alleged_nego,secret_nego,secret_nego,nego_implement,border,election_success,prenego,secret_nego,indirect_nego,secret_nego,nego_implement,women,women,women,nego_implement _success,indirect_nego,border_success,prenego_success,amnesty_success,nego_end,women,women,prenego_success,prenego_success,nego_implement _success,prenego_success,prenego,exclusive_nego,alleged_nego,secret_nego,border,exclusive_nego,exclusive_nego,secret_nego,indirect_nego,women,women,women,indirect_nego,indirect_nego,secret_nego,secret_nego,women,women,prenego,alleged_nego,prenego,indirect_nego,women,prenego,women,,election_success,women
secret_nego,,prenego,nego_ddr_success,amnesty_success,reconciliation_success,monitor_success,nego_cattle,prenego_success,alleged_nego,secret_nego,nego_power-sharing_success,border_success,alleged_nego,secret_nego,exclusive_nego,alleged_nego,alleged_nego,nego_implement _success,border_success,monitor,prenego_success,alleged_nego,secret_nego,alleged_nego,nego_implement _success,indirect_nego,indirect_nego,indirect_nego,nego_ceasefire,secret_nego,nego_ddr,border,nego_land,nego_end_support,indirect_nego,indirect_nego,nego_unspecified,nego_unspecified,nego_unspecified,nego_implement,prenego_success,prenego,exclusive_nego,alleged_nego,border_success,prenego,prenego,alleged_nego,secret_nego,indirect_nego,indirect_nego,indirect_nego,secret_nego,secret_nego,alleged_nego,alleged_nego,indirect_nego,indirect_nego,prenego_success,exclusive_nego,prenego_success,secret_nego,indirect_nego,prenego_success,indirect_nego,,monitor,indirect_nego
alleged_nego,,prenego_success,election,nego_land,amnesty,amnesty,nego_cattle _success,nego_implement,exclusive_nego,alleged_nego,nego_ddr,nego_power-sharing,exclusive_nego,alleged_nego,prenego,exclusive_nego,exclusive_nego,border,nego_power-sharing,monitor_success,nego_implement,exclusive_nego,alleged_nego,exclusive_nego,border,alleged_nego,secret_nego,secret_nego,border,alleged_nego,nego_ddr_success,border_success,nego_land _success,nego_end_support_success,secret_nego,secret_nego,border,border,border,nego_implement _success,nego_implement _success,prenego_success,prenego,exclusive_nego,nego_ddr,prenego_success,prenego_success,exclusive_nego,alleged_nego,secret_nego,secret_nego,secret_nego,alleged_nego,alleged_nego,exclusive_nego,exclusive_nego,secret_nego,secret_nego,nego_unspecified,prenego,nego_implement _success,alleged_nego,secret_nego,nego_unspecified,secret_nego,,monitor_success,secret_nego
exclusive_nego,,nego_implement,election_success,nego_land _success,amnesty_success,amnesty_success,nego_movement,nego_implement _success,prenego,exclusive_nego,nego_ddr_success,nego_power-sharing_success,prenego,exclusive_nego,prenego_success,prenego,prenego,border_success,nego_power-sharing_success,reconciliation_success,nego_implement _success,prenego,exclusive_nego,prenego,border_success,exclusive_nego,exclusive_nego,alleged_nego,border_success,exclusive_nego,election_success,nego_ddr,nego_water,nego_withdrawal_success,alleged_nego,alleged_nego,border_success,border_success,border_success,nego_unspecified,nego_unspecified,nego_implement,prenego_success,prenego,nego_ddr_success,nego_implement,nego_implement,prenego,exclusive_nego,alleged_nego,alleged_nego,alleged_nego,exclusive_nego,exclusive_nego,prenego,prenego,alleged_nego,alleged_nego,nego_ceasefire,prenego_success,nego_unspecified,exclusive_nego,alleged_nego,nego_ceasefire,alleged_nego,,reconciliation,alleged_nego
prenego_success,,nego_implement _success,monitor,nego_water,nego_land,nego_land,nego_movement_success,nego_ceasefire,prenego_success,prenego,election,nego_ddr,prenego_success,prenego,nego_implement,prenego_success,prenego_success,nego_power-sharing,nego_ddr,amnesty,border,prenego_success,prenego,prenego_success,nego_power-sharing,prenego,prenego,prenego,nego_power-sharing,nego_implement,monitor,nego_ddr_success,nego_water _success,international_additional,exclusive_nego,exclusive_nego,monitor,monitor,monitor,border,border,nego_implement _success,nego_implement,prenego_success,election,nego_implement _success,nego_implement _success,prenego_success,prenego,exclusive_nego,exclusive_nego,exclusive_nego,prenego,prenego,prenego_success,prenego_success,exclusive_nego,exclusive_nego,border,nego_unspecified,border,prenego,exclusive_nego,border,exclusive_nego,,reconciliation_success,exclusive_nego
border,,nego_ceasefire,monitor_success,nego_water _success,nego_land _success,nego_land _success,nego_continue,border,nego_implement,prenego_success,election_success,nego_ddr_success,nego_implement,prenego_success,nego_implement _success,nego_implement,nego_implement,nego_power-sharing_success,nego_ddr_success,amnesty_success,border_success,nego_implement,prenego_success,nego_implement,nego_power-sharing_success,prenego_success,prenego_success,prenego_success,nego_power-sharing_success,nego_implement _success,monitor_success,election,nego_cattle,international_replace,prenego,prenego,monitor_success,monitor_success,monitor_success,border_success,border_success,nego_unspecified,nego_implement _success,nego_implement,election_success,nego_unspecified,nego_unspecified,nego_implement,prenego_success,prenego,prenego,prenego,prenego_success,prenego_success,nego_implement,nego_implement,prenego,prenego,border_success,nego_ceasefire,border_success,prenego_success,prenego,border_success,prenego,,amnesty,prenego
border_success,,border,reconciliation_success,nego_cattle,nego_water,nego_water,nego_end,border_success,nego_implement _success,nego_implement,monitor,election,nego_implement _success,nego_implement,border,nego_implement _success,nego_implement _success,nego_ddr,election,nego_land,nego_power-sharing,nego_implement _success,nego_implement,nego_implement _success,nego_ddr,nego_implement,nego_implement,nego_implement,nego_ddr,nego_unspecified,reconciliation,election_success,nego_cattle _success,international_only,prenego_success,prenego_success,nego_land,nego_land,reconciliation,monitor,monitor,border,nego_unspecified,nego_implement _success,monitor,border,border,nego_implement _success,nego_implement,prenego_success,prenego_success,prenego_success,nego_implement,nego_implement,nego_implement _success,nego_implement _success,prenego_success,prenego_success,nego_power-sharing,border,nego_power-sharing,nego_implement,prenego_success,nego_power-sharing,prenego_success,,amnesty_success,prenego_success
election,,border_success,amnesty,nego_cattle _success,nego_water _success,nego_water _success,nego_withdrawal_success,nego_power-sharing,nego_unspecified,nego_implement _success,monitor_success,election_success,border,nego_implement _success,border_success,nego_unspecified,nego_unspecified,nego_ddr_success,election_success,nego_land _success,nego_power-sharing_success,border,nego_implement _success,nego_ceasefire,nego_ddr_success,nego_implement _success,nego_implement _success,nego_implement _success,nego_ddr_success,nego_ceasefire,reconciliation_success,monitor,nego_movement,multiple_agreeements,nego_implement,nego_implement,nego_land _success,nego_land _success,reconciliation_success,monitor_success,monitor_success,border_success,border,nego_unspecified,monitor_success,border_success,border_success,nego_unspecified,nego_implement _success,nego_implement,nego_implement,nego_implement,nego_implement _success,nego_implement _success,nego_unspecified,nego_unspecified,nego_implement,nego_implement,nego_power-sharing_success,border_success,nego_power-sharing_success,nego_implement _success,nego_implement,nego_power-sharing_success,nego_implement,,nego_land,nego_implement
election_success,,nego_power-sharing,amnesty_success,nego_movement,nego_cattle,nego_cattle,international_additional,nego_power-sharing_success,nego_ceasefire,nego_unspecified,amnesty,monitor,border_success,nego_unspecified,nego_power-sharing,nego_ceasefire,nego_ceasefire,election,monitor,nego_water,nego_ddr,border_success,nego_unspecified,border,election,nego_unspecified,nego_unspecified,nego_unspecified,election,border,amnesty,monitor_success,nego_movement_success,,nego_implement _success,nego_implement _success,nego_water,nego_water,nego_land,reconciliation,reconciliation,monitor,border_success,border,amnesty,nego_ddr,election,border,nego_unspecified,nego_implement _success,nego_implement _success,nego_implement _success,nego_unspecified,nego_unspecified,border,border,nego_implement _success,nego_implement _success,nego_ddr,nego_power-sharing,nego_ddr,nego_unspecified,nego_implement _success,nego_ddr,nego_implement _success,,nego_land _success,nego_implement _success
monitor,,nego_power-sharing_success,nego_land,nego_movement_success,nego_cattle _success,nego_cattle _success,international_only,nego_ddr,border,nego_ceasefire,amnesty_success,monitor_success,nego_power-sharing,nego_ceasefire,nego_power-sharing_success,border,border,election_success,monitor_success,nego_water _success,nego_ddr_success,nego_power-sharing,nego_ceasefire,border_success,election_success,nego_ceasefire,nego_ceasefire,nego_ceasefire,election_success,border_success,amnesty_success,reconciliation,nego_continue,,nego_unspecified,nego_unspecified,nego_water _success,nego_water _success,nego_land _success,reconciliation_success,reconciliation_success,monitor_success,nego_power-sharing,border_success,amnesty_success,nego_ddr_success,election_success,border_success,nego_ceasefire,nego_unspecified,nego_unspecified,nego_unspecified,nego_ceasefire,nego_ceasefire,border_success,border_success,nego_unspecified,nego_unspecified,nego_ddr_success,nego_power-sharing_success,nego_ddr_success,nego_ceasefire,nego_unspecified,nego_ddr_success,nego_unspecified,,nego_water,nego_unspecified
monitor_success,,nego_ddr,nego_land _success,nego_continue,nego_movement,nego_continue,multiple_agreeements,nego_ddr_success,border_success,border,nego_land,reconciliation_success,nego_power-sharing_success,border,nego_ddr,border_success,border_success,monitor,reconciliation,nego_cattle,election,nego_power-sharing_success,border,nego_power-sharing,monitor,border,border,border,monitor,nego_power-sharing,nego_land,reconciliation_success,nego_end,,nego_ceasefire,nego_ceasefire,nego_cattle,nego_cattle,nego_water,nego_land,amnesty,reconciliation,nego_power-sharing_success,nego_power-sharing,nego_land,election,monitor,election,border,nego_ceasefire,nego_ceasefire,nego_ceasefire,border,border,nego_power-sharing,nego_power-sharing,nego_ceasefire,nego_ceasefire,election,nego_ddr,election,border,nego_ceasefire,election,nego_ceasefire,,nego_water _success,nego_ceasefire
amnesty_success,,nego_ddr_success,nego_water,nego_end,nego_movement_success,nego_end,,election,nego_power-sharing,border_success,nego_land _success,amnesty,nego_ddr,border_success,nego_ddr_success,nego_power-sharing,nego_power-sharing,monitor_success,reconciliation_success,nego_cattle _success,election_success,nego_ddr,border_success,nego_power-sharing_success,monitor_success,border_success,border_success,border_success,monitor_success,nego_power-sharing_success,nego_land _success,amnesty,nego_end_support,,border_success,border,nego_cattle _success,nego_cattle _success,nego_water _success,nego_land _success,amnesty_success,reconciliation_success,nego_ddr,nego_power-sharing_success,nego_land _success,election_success,monitor_success,election_success,border_success,border,border,border,border_success,border_success,nego_power-sharing_success,nego_power-sharing_success,border,border,election_success,nego_ddr_success,election_success,border_success,border,election_success,border,,nego_cattle,border
nego_land,,election,nego_water _success,nego_end_support_success,nego_continue,nego_end_support,,election_success,nego_power-sharing_success,nego_power-sharing,nego_water,amnesty_success,nego_ddr_success,nego_power-sharing,election,nego_power-sharing_success,nego_power-sharing_success,reconciliation,amnesty,nego_movement,monitor,nego_ddr_success,nego_power-sharing,nego_ddr,reconciliation,nego_power-sharing,nego_power-sharing,nego_power-sharing,reconciliation,nego_ddr,nego_water,amnesty_success,nego_end_support_success,,nego_power-sharing,nego_power-sharing,nego_movement,nego_movement,nego_cattle,nego_water,nego_land,amnesty,nego_ddr_success,nego_ddr,nego_water,monitor,reconciliation,monitor,nego_power-sharing,border_success,border_success,border_success,nego_power-sharing,nego_power-sharing,nego_ddr,nego_ddr,border_success,border_success,monitor,election,monitor,nego_power-sharing,border_success,monitor,border_success,,nego_cattle _success,border_success
nego_land _success,,election_success,nego_cattle,nego_withdrawal_success,nego_end,nego_end_support_success,,monitor,nego_ddr,nego_power-sharing_success,nego_water _success,nego_land,election,nego_power-sharing_success,election_success,nego_ddr,nego_ddr,reconciliation_success,amnesty_success,nego_movement_success,monitor_success,election,nego_power-sharing_success,nego_ddr_success,reconciliation_success,nego_power-sharing_success,nego_power-sharing_success,nego_power-sharing_success,reconciliation_success,nego_ddr_success,nego_water _success,nego_land,nego_withdrawal,,nego_power-sharing_success,nego_power-sharing_success,nego_movement_success,nego_movement_success,nego_cattle _success,nego_water _success,nego_land _success,amnesty_success,election,nego_ddr_success,nego_water _success,monitor_success,reconciliation_success,monitor_success,nego_power-sharing_success,nego_power-sharing,nego_power-sharing,nego_power-sharing,nego_power-sharing_success,nego_power-sharing_success,nego_ddr_success,nego_ddr_success,nego_power-sharing,nego_power-sharing,monitor_success,election_success,monitor_success,nego_power-sharing_success,nego_power-sharing,monitor_success,nego_power-sharing,,nego_movement,nego_power-sharing
nego_water,,monitor,nego_cattle _success,international_additional,nego_end_support_success,nego_withdrawal,,monitor_success,nego_ddr_success,nego_ddr,nego_cattle,nego_land _success,election_success,nego_ddr,monitor,nego_ddr_success,nego_ddr_success,amnesty,nego_land,nego_continue,reconciliation,election_success,nego_ddr,election,amnesty,nego_ddr,nego_ddr,nego_ddr,amnesty,election,nego_cattle,nego_land _success,nego_withdrawal_success,,nego_ddr,nego_ddr,nego_continue,nego_continue,nego_movement,nego_cattle,nego_water,nego_land,election_success,election,nego_cattle,amnesty,nego_land,reconciliation,nego_ddr,nego_power-sharing_success,nego_power-sharing_success,nego_power-sharing_success,nego_ddr,nego_ddr,election,election,nego_power-sharing_success,nego_power-sharing_success,reconciliation,monitor,reconciliation,nego_ddr,nego_power-sharing_success,reconciliation,nego_power-sharing_success,,nego_movement_success,nego_power-sharing_success
nego_water _success,,monitor_success,nego_movement,international_only,nego_withdrawal_success,nego_withdrawal_success,,reconciliation,election,nego_ddr_success,nego_cattle _success,nego_water,monitor,nego_ddr_success,monitor_success,election,election,amnesty_success,nego_land _success,nego_end,reconciliation_success,monitor,nego_ddr_success,election_success,amnesty_success,nego_ddr_success,nego_ddr_success,nego_ddr_success,amnesty_success,election_success,nego_cattle _success,nego_water,international_additional,,nego_ddr_success,nego_ddr_success,nego_end,nego_end,nego_movement_success,nego_cattle _success,nego_water _success,nego_land _success,reconciliation,election_success,nego_cattle _success,amnesty_success,nego_land _success,reconciliation_success,nego_ddr_success,nego_ddr,nego_ddr,nego_ddr,nego_ddr_success,nego_ddr_success,election_success,election_success,nego_ddr,nego_ddr,reconciliation_success,monitor_success,reconciliation_success,nego_ddr_success,nego_ddr,reconciliation_success,nego_ddr,,nego_continue,nego_ddr
nego_cattle,,reconciliation,nego_movement_success,multiple_agreeements,international_additional,international_additional,,reconciliation_success,election_success,election,nego_movement,nego_water _success,monitor_success,election,reconciliation,election_success,election_success,nego_land,nego_water,nego_end_support,amnesty,monitor_success,election,monitor,nego_land,election,election,election,nego_land,monitor,nego_movement,nego_water _success,international_replace,,election,election,nego_end_support,nego_end_support,nego_continue,nego_movement,nego_cattle,nego_water,reconciliation_success,reconciliation,nego_movement,nego_land,nego_water,nego_land,election,nego_ddr_success,nego_ddr_success,nego_ddr_success,election,election,monitor,monitor,nego_ddr_success,nego_ddr_success,amnesty,reconciliation,amnesty,election,nego_ddr_success,amnesty,nego_ddr_success,,nego_end,nego_ddr_success
nego_cattle _success,,reconciliation_success,nego_continue,,international_only,international_replace,,amnesty,monitor,election_success,nego_movement_success,nego_cattle,reconciliation,election_success,reconciliation_success,monitor,monitor,nego_land _success,nego_water _success,nego_end_support_success,amnesty_success,reconciliation,election_success,monitor_success,nego_land _success,election_success,election_success,election_success,nego_land _success,monitor_success,nego_movement_success,nego_cattle,international_only,,election_success,election_success,nego_end_support_success,nego_end_support_success,nego_end,nego_movement_success,nego_cattle _success,nego_water _success,amnesty,reconciliation_success,nego_movement_success,nego_land _success,nego_water _success,nego_land _success,election_success,election,election,election,election_success,election_success,monitor_success,monitor_success,election,election,amnesty_success,reconciliation_success,amnesty_success,election_success,election,amnesty_success,election,,nego_end_support,election
nego_movement,,amnesty,nego_end,,multiple_agreeements,international_only,,amnesty_success,monitor_success,monitor,nego_continue,nego_cattle _success,reconciliation_success,monitor,amnesty,monitor_success,monitor_success,nego_water,nego_cattle,nego_withdrawal,nego_land,reconciliation_success,monitor,reconciliation,nego_water,monitor,monitor,monitor,nego_water,reconciliation,nego_continue,nego_cattle _success,ceasefire,,monitor,monitor,nego_withdrawal,nego_withdrawal,nego_end_support,nego_continue,nego_movement,nego_cattle,amnesty_success,amnesty,nego_continue,nego_water,nego_cattle,nego_water,monitor,election_success,election_success,election_success,monitor,monitor,reconciliation,reconciliation,election_success,election_success,nego_land,amnesty,nego_land,monitor,election_success,nego_land,election_success,,nego_end_support_success,election_success
nego_movement_success,,amnesty_success,nego_end_support,,,multiple_agreeements,,nego_land,reconciliation,monitor_success,nego_end,nego_movement,amnesty,monitor_success,amnesty_success,reconciliation,reconciliation,nego_water _success,nego_cattle _success,nego_withdrawal_success,nego_land _success,amnesty,monitor_success,reconciliation_success,nego_water _success,monitor_success,monitor_success,monitor_success,nego_water _success,reconciliation_success,nego_end,nego_movement,multiple_agreeements,,monitor_success,monitor_success,nego_withdrawal_success,nego_withdrawal_success,nego_end_support_success,nego_end,nego_movement_success,nego_cattle _success,nego_land,amnesty_success,nego_end,nego_water _success,nego_cattle _success,nego_water _success,monitor_success,monitor,monitor,monitor,monitor_success,monitor_success,reconciliation_success,reconciliation_success,monitor,monitor,nego_land _success,amnesty_success,nego_land _success,monitor_success,monitor,nego_land _success,monitor,,nego_withdrawal,monitor
nego_continue,,nego_land,nego_end_support_success,,,,,nego_land _success,reconciliation_success,reconciliation,nego_end_support,nego_movement_success,amnesty_success,reconciliation,nego_land,reconciliation_success,reconciliation_success,nego_cattle,nego_movement,international_additional,nego_water,amnesty_success,reconciliation,amnesty,nego_cattle,reconciliation,reconciliation,reconciliation,nego_cattle,amnesty,nego_withdrawal_success,nego_movement_success,,,reconciliation,reconciliation,international_additional,international_additional,nego_withdrawal,nego_end_support,nego_continue,nego_movement,nego_land _success,nego_land,nego_end_support,nego_cattle,nego_movement,nego_cattle,reconciliation,monitor_success,monitor_success,monitor_success,reconciliation,reconciliation,amnesty,amnesty,monitor_success,monitor_success,nego_water,nego_land,nego_water,reconciliation,monitor_success,nego_water,monitor_success,,nego_withdrawal_success,monitor_success
nego_end,,nego_land _success,nego_withdrawal,,,,,nego_water,amnesty,reconciliation_success,nego_end_support_success,nego_continue,nego_land,reconciliation_success,nego_land _success,amnesty,amnesty,nego_cattle _success,nego_movement_success,international_replace,nego_water _success,nego_land,reconciliation_success,amnesty_success,nego_cattle _success,reconciliation_success,reconciliation_success,reconciliation_success,nego_cattle _success,amnesty_success,international_additional,nego_continue,,,reconciliation_success,reconciliation_success,international_replace,international_replace,nego_withdrawal_success,nego_end_support_success,nego_end,nego_movement_success,nego_water,nego_land _success,nego_end_support_success,nego_cattle _success,nego_movement_success,nego_cattle _success,reconciliation_success,reconciliation,reconciliation,reconciliation,reconciliation_success,reconciliation_success,amnesty_success,amnesty_success,reconciliation,reconciliation,nego_water _success,nego_land _success,nego_water _success,reconciliation_success,reconciliation,nego_water _success,reconciliation,,international_additional,reconciliation
nego_withdrawal_success,,nego_water,nego_withdrawal_success,,,,,nego_water _success,amnesty_success,amnesty,nego_withdrawal,nego_end,nego_land _success,amnesty,nego_water,amnesty_success,amnesty_success,nego_movement,nego_continue,international_only,nego_cattle,nego_land _success,amnesty,nego_land,nego_movement,amnesty,amnesty,amnesty,nego_movement,nego_land,international_only,nego_end,,,amnesty,amnesty,international_only,international_only,international_additional,nego_withdrawal,nego_end_support,nego_continue,nego_water _success,nego_water,nego_withdrawal,nego_movement,nego_continue,nego_movement,amnesty,reconciliation_success,reconciliation_success,reconciliation_success,amnesty,amnesty,nego_land,nego_land,reconciliation_success,reconciliation_success,nego_cattle,nego_water,nego_cattle,amnesty,reconciliation_success,nego_cattle,reconciliation_success,,international_replace,reconciliation_success
international_additional,,nego_water _success,international_additional,,,,,nego_cattle,nego_land,amnesty_success,nego_withdrawal_success,nego_end_support,nego_water,amnesty_success,nego_water _success,nego_land,nego_land,nego_movement_success,nego_end,multiple_agreeements,nego_cattle _success,nego_water,amnesty_success,nego_land _success,nego_movement_success,amnesty_success,amnesty_success,amnesty_success,nego_movement_success,nego_land _success,ceasefire,nego_withdrawal,,,amnesty_success,amnesty_success,ceasefire,ceasefire,international_replace,nego_withdrawal_success,nego_end_support_success,nego_end,nego_cattle,nego_water _success,nego_withdrawal_success,nego_movement_success,nego_end,nego_movement_success,amnesty_success,amnesty,amnesty,amnesty,amnesty_success,amnesty_success,nego_land _success,nego_land _success,amnesty,amnesty,nego_cattle _success,nego_water _success,nego_cattle _success,amnesty_success,amnesty,nego_cattle _success,amnesty,,international_only,amnesty
international_only,,nego_cattle,international_replace,,,,,nego_cattle _success,nego_land _success,nego_land,international_additional,nego_end_support_success,nego_water _success,nego_land,nego_cattle,nego_land _success,nego_land _success,nego_continue,nego_end_support,,nego_movement,nego_water _success,nego_land,nego_water,nego_continue,nego_land,nego_land,nego_land,nego_continue,nego_water,multiple_agreeements,nego_withdrawal_success,,,nego_land,nego_land,multiple_agreeements,multiple_agreeements,international_only,international_additional,nego_withdrawal,nego_end_support,nego_cattle _success,nego_cattle,international_additional,nego_continue,nego_end_support,nego_continue,nego_water,amnesty_success,amnesty_success,amnesty_success,nego_land,nego_land,nego_water,nego_water,amnesty_success,amnesty_success,nego_movement,nego_cattle,nego_movement,nego_land,amnesty_success,nego_movement,amnesty_success,,multiple_agreeements,amnesty_success
multiple_agreeements,,nego_cattle _success,international_only,,,,,nego_movement,nego_water,nego_land _success,international_replace,nego_withdrawal,nego_cattle,nego_land _success,nego_cattle _success,nego_water,nego_water,nego_end,nego_end_support_success,,nego_movement_success,nego_cattle,nego_land _success,nego_water _success,nego_end,nego_land _success,nego_land _success,nego_land _success,nego_end,nego_water _success,,international_additional,,,nego_land _success,nego_land _success,,,multiple_agreeements,international_replace,nego_withdrawal_success,nego_end_support_success,nego_movement,nego_cattle _success,international_replace,nego_end,nego_end_support_success,nego_end,nego_water _success,nego_water,nego_land,nego_land,nego_land _success,nego_land _success,nego_water _success,nego_water _success,nego_land,nego_land,nego_movement_success,nego_cattle _success,nego_movement_success,nego_land _success,nego_land,nego_movement_success,nego_land,,,nego_land
,,nego_movement,multiple_agreeements,,,,,nego_movement_success,nego_water _success,nego_water,international_only,nego_withdrawal_success,nego_cattle _success,nego_water,nego_movement,nego_water _success,nego_water _success,nego_end_support,nego_withdrawal,,nego_continue,nego_cattle _success,nego_water,nego_cattle,nego_end_support,nego_water,nego_water,nego_water,nego_end_support,nego_cattle,,international_only,,,nego_water,nego_water,,,,international_only,international_additional,nego_withdrawal,nego_movement_success,nego_movement,international_only,nego_end_support,nego_withdrawal,nego_end_support,nego_cattle,nego_water _success,nego_land _success,nego_land _success,nego_water,nego_water,nego_cattle,nego_cattle,nego_land _success,nego_land _success,nego_continue,nego_movement,nego_continue,nego_water,nego_land _success,nego_continue,nego_land _success,,,nego_land _success
,,nego_movement_success,,,,,,nego_continue,nego_cattle,nego_water _success,multiple_agreeements,international_additional,nego_movement,nego_water _success,nego_movement_success,nego_cattle,nego_cattle,nego_end_support_success,nego_withdrawal_success,,nego_end,nego_movement,nego_water _success,nego_cattle _success,nego_end_support_success,nego_water _success,nego_water _success,nego_water _success,nego_end_support_success,nego_cattle _success,,ceasefire,,,nego_water _success,nego_water _success,,,,multiple_agreeements,international_replace,nego_withdrawal_success,nego_continue,nego_movement_success,ceasefire,nego_end_support_success,nego_withdrawal_success,nego_end_support_success,nego_cattle _success,nego_cattle,nego_water _success,nego_water,nego_water _success,nego_water _success,nego_cattle _success,nego_cattle _success,nego_water,nego_water,nego_end,nego_movement_success,nego_end,nego_water _success,nego_water,nego_end,nego_water,,,nego_water
,,nego_continue,,,,,,nego_end,nego_cattle _success,nego_cattle,,international_replace,nego_movement_success,nego_cattle,nego_continue,nego_cattle _success,nego_cattle _success,nego_withdrawal,international_additional,,nego_end_support,nego_movement_success,nego_cattle,nego_movement,nego_withdrawal,nego_cattle,nego_cattle,nego_cattle,nego_withdrawal,nego_movement,,multiple_agreeements,,,nego_cattle,nego_cattle,,,,,international_only,international_additional,nego_end,nego_continue,multiple_agreeements,nego_withdrawal,international_additional,nego_withdrawal,nego_movement,nego_cattle _success,nego_cattle,nego_cattle,nego_movement,nego_movement,nego_continue,nego_continue,nego_water _success,nego_water _success,nego_withdrawal_success,nego_continue,nego_end_support_success,nego_cattle,nego_water _success,nego_withdrawal_success,nego_water _success,,,nego_water _success
,,nego_end,,,,,,nego_end_support,nego_movement,nego_cattle _success,,international_only,nego_continue,nego_cattle _success,nego_end,nego_movement,nego_movement,nego_withdrawal_success,international_replace,,nego_end_support_success,nego_continue,nego_cattle _success,nego_movement_success,nego_withdrawal_success,nego_cattle _success,nego_cattle _success,nego_cattle _success,nego_withdrawal_success,nego_movement_success,,,,,nego_cattle _success,nego_cattle _success,,,,,ceasefire,international_replace,nego_end_support,nego_end,,nego_withdrawal_success,international_replace,nego_withdrawal_success,nego_movement_success,nego_movement,nego_cattle _success,nego_cattle _success,nego_movement_success,nego_movement_success,nego_end,nego_end,nego_cattle,nego_cattle,international_additional,nego_end,international_additional,nego_cattle _success,nego_cattle,international_additional,nego_cattle,,,nego_cattle
,,nego_end_support,,,,,,nego_end_support_success,nego_movement_success,nego_movement,,multiple_agreeements,nego_end,nego_movement,nego_end_support,nego_movement_success,nego_movement_success,international_additional,international_only,,nego_withdrawal,nego_end,nego_movement,nego_continue,international_additional,nego_movement,nego_movement,nego_movement,international_additional,nego_continue,,,,,nego_movement,nego_movement,,,,,multiple_agreeements,international_only,nego_end_support_success,nego_end_support,,international_additional,international_only,international_additional,nego_continue,nego_movement_success,nego_movement,nego_movement,nego_continue,nego_continue,nego_end_support,nego_end_support,nego_cattle _success,nego_cattle _success,international_only,nego_withdrawal,international_only,nego_movement,nego_cattle _success,international_only,nego_cattle _success,,,nego_cattle _success
,,nego_end_support_success,,,,,,nego_withdrawal,nego_continue,nego_movement_success,,,nego_end_support,nego_movement_success,nego_end_support_success,nego_continue,nego_continue,international_replace,multiple_agreeements,,nego_withdrawal_success,nego_end_support,nego_movement_success,nego_end,international_replace,nego_movement_success,nego_movement_success,nego_movement_success,international_replace,nego_end,,,,,nego_movement_success,nego_movement_success,,,,,,ceasefire,nego_withdrawal,nego_end_support_success,,international_replace,ceasefire,international_replace,nego_end,nego_continue,nego_movement_success,nego_movement_success,nego_end,nego_end,nego_end_support_success,nego_end_support_success,nego_movement,nego_movement,ceasefire,nego_withdrawal_success,ceasefire,nego_movement_success,nego_movement,ceasefire,nego_movement,,,nego_movement
,,nego_withdrawal,,,,,,nego_withdrawal_success,nego_end,nego_continue,,,nego_end_support_success,nego_continue,nego_withdrawal,nego_end,nego_end,international_only,,,international_additional,nego_end_support_success,nego_continue,nego_end_support,international_only,nego_continue,nego_continue,nego_continue,international_only,nego_end_support,,,,,nego_continue,nego_continue,,,,,,multiple_agreeements,nego_withdrawal_success,nego_withdrawal,,international_only,multiple_agreeements,international_only,nego_end_support,nego_end,nego_continue,nego_continue,nego_end_support,nego_end_support,nego_withdrawal,nego_withdrawal,nego_movement_success,nego_movement_success,multiple_agreeements,international_additional,multiple_agreeements,nego_continue,nego_movement_success,multiple_agreeements,nego_movement_success,,,nego_movement_success
,,nego_withdrawal_success,,,,,,international_additional,nego_end_support,nego_end,,,nego_withdrawal,nego_end,nego_withdrawal_success,nego_end_support,nego_end_support,multiple_agreeements,,,international_replace,nego_withdrawal,nego_end,nego_end_support_success,ceasefire,nego_end,nego_end,nego_end,agreement,nego_end_support_success,,,,,nego_end,nego_end,,,,,,,international_additional,nego_withdrawal_success,,ceasefire,,ceasefire,nego_end_support_success,nego_end_support,nego_end,nego_end,nego_end_support_success,nego_end_support_success,nego_withdrawal_success,nego_withdrawal_success,nego_end,nego_continue,,international_only,,nego_end,nego_continue,,nego_continue,,,nego_continue
,,international_additional,,,,,,international_replace,nego_end_support_success,nego_end_support,,,nego_withdrawal_success,nego_end_support,international_additional,nego_end_support_success,nego_end_support_success,,,,international_only,nego_withdrawal_success,nego_end_support,nego_withdrawal,multiple_agreeements,nego_end_support,nego_end_support,nego_end_support,ceasefire,nego_withdrawal,,,,,nego_end_support,nego_end_support,,,,,,,international_replace,international_additional,,multiple_agreeements,,multiple_agreeements,nego_withdrawal,nego_end_support_success,nego_end_support,nego_end_support,nego_withdrawal,nego_withdrawal,international_additional,international_additional,nego_end_support,nego_end_support,,ceasefire,,nego_end_support,nego_end,,nego_end,,,nego_end
,,international_replace,,,,,,international_only,nego_withdrawal,nego_end_support_success,,,international_additional,nego_end_support_success,international_replace,nego_withdrawal,nego_withdrawal,,,,multiple_agreeements,international_additional,nego_end_support_success,nego_withdrawal_success,,nego_end_support_success,nego_end_support_success,nego_end_support_success,multiple_agreeements,nego_withdrawal_success,,,,,nego_end_support_success,nego_end_support_success,,,,,,,international_only,international_replace,,,,,nego_withdrawal_success,nego_withdrawal,nego_end_support_success,nego_end_support_success,nego_withdrawal_success,nego_withdrawal_success,international_replace,international_replace,nego_end_support_success,nego_end_support_success,,multiple_agreeements,,nego_end_support_success,nego_end_support,,nego_end_support,,,nego_end_support
,,international_only,,,,,,agreement,nego_withdrawal_success,nego_withdrawal,,,international_replace,nego_withdrawal,international_only,nego_withdrawal_success,nego_withdrawal_success,,,,,international_replace,nego_withdrawal,international_additional,,nego_withdrawal,nego_withdrawal,nego_withdrawal,,international_additional,,,,,nego_withdrawal,nego_withdrawal,,,,,,,ceasefire,international_only,,,,,international_additional,nego_withdrawal_success,nego_withdrawal,nego_withdrawal,international_additional,international_additional,international_only,international_only,nego_withdrawal,nego_withdrawal,,,,international_additional,nego_end_support_success,,nego_end_support_success,,,nego_end_support_success
,,ceasefire,,,,,,ceasefire,international_additional,nego_withdrawal_success,,,international_only,nego_withdrawal_success,multiple_agreeements,international_additional,international_additional,,,,,international_only,nego_withdrawal_success,international_replace,,nego_withdrawal_success,nego_withdrawal_success,nego_withdrawal_success,,international_replace,,,,,nego_withdrawal_success,nego_withdrawal_success,,,,,,,multiple_agreeements,ceasefire,,,,,international_replace,international_additional,nego_withdrawal_success,nego_withdrawal_success,international_replace,international_replace,ceasefire,ceasefire,nego_withdrawal_success,nego_withdrawal_success,,,,international_replace,nego_withdrawal,,nego_withdrawal,,,nego_withdrawal
,,multiple_agreeements,,,,,,multiple_agreeements,international_replace,international_additional,,,ceasefire,international_additional,,international_replace,international_replace,,,,,multiple_agreeements,international_additional,international_only,,international_additional,international_additional,international_additional,,international_only,,,,,international_additional,international_additional,,,,,,,,multiple_agreeements,,,,,international_only,international_replace,international_additional,international_additional,international_only,international_only,multiple_agreeements,multiple_agreeements,international_additional,international_additional,,,,international_only,nego_withdrawal_success,,nego_withdrawal_success,,,nego_withdrawal_success
,,,,,,,,,international_only,international_replace,,,multiple_agreeements,international_replace,,international_only,international_only,,,,,,international_replace,ceasefire,,international_replace,international_replace,international_replace,,agreement,,,,,international_replace,international_replace,,,,,,,,,,,,,ceasefire,international_only,international_replace,international_replace,ceasefire,ceasefire,,,international_replace,international_replace,,,,ceasefire,international_replace,,international_additional,,,international_additional
,,,,,,,,,agreement,international_only,,,,international_only,,ceasefire,agreement,,,,,,international_only,multiple_agreeements,,international_only,international_only,international_only,,ceasefire,,,,,international_only,international_only,,,,,,,,,,,,,multiple_agreeements,ceasefire,international_only,international_only,multiple_agreeements,multiple_agreeements,,,international_only,international_only,,,,multiple_agreeements,international_only,,international_replace,,,international_replace
,,,,,,,,,ceasefire,agreement,,,,agreement,,multiple_agreeements,ceasefire,,,,,,agreement,,,agreement,agreement,agreement,,multiple_agreeements,,,,,agreement,agreement,,,,,,,,,,,,,,multiple_agreeements,agreement,agreement,,,,,agreement,agreement,,,,,agreement,,agreement,,,international_only
,,,,,,,,,multiple_agreeements,ceasefire,,,,ceasefire,,,multiple_agreeements,,,,,,ceasefire,,,ceasefire,ceasefire,ceasefire,,,,,,,ceasefire,ceasefire,,,,,,,,,,,,,,,ceasefire,ceasefire,,,,,ceasefire,ceasefire,,,,,ceasefire,,ceasefire,,,agreement
,,,,,,,,,,multiple_agreeements,,,,multiple_agreeements,,,,,,,,,multiple_agreeements,,,multiple_agreeements,multiple_agreeements,multiple_agreeements,,,,,,,multiple_agreeements,multiple_agreeements,,,,,,,,,,,,,,,multiple_agreeements,multiple_agreeements,,,,,multiple_agreeements,multiple_agreeements,,,,,multiple_agreeements,,multiple_agreeements,,,ceasefire
